1,Social Media Trends 2023,"Explore the latest trends in social media marketing and user engagement. This dataset includes data on popular platforms, content types, and user demographics., social media, trends, marketing, engagement, platforms, demographics"
2,Twitter Sentiment Analysis,"Analyze sentiment on Twitter with this comprehensive dataset. It contains tweets, user information, and sentiment scores, making it ideal for sentiment analysis projects., Twitter, sentiment analysis, tweets, user data, sentiment scores"
3,Instagram Influencer Metrics,"Get insights into Instagram influencer marketing with this dataset. Track follower counts, engagement rates, and content performance for top influencers., Instagram, influencers, marketing, followers, engagement, content"
4,Facebook Ad Campaigns,"Study the effectiveness of Facebook ad campaigns with this dataset. It includes ad impressions, click-through rates, and demographic targeting data., Facebook, ads, campaigns, impressions, click-through rates, demographics"
5,Social Media User Behavior,"Explore user behavior on various social media platforms. Analyze posting frequency, content preferences, and interaction patterns., user behavior, social media, posting frequency, content preferences, interaction patterns"
6,LinkedIn Professional Profiles,"Access a dataset of LinkedIn professional profiles for research and analysis. Includes job history, skills, and connection networks., LinkedIn, professional profiles, job history, skills, connections"
7,YouTube Video Analytics,"Analyze YouTube video performance with this dataset. Includes view counts, likes, dislikes, and video metadata., YouTube, video analytics, views, likes, dislikes, metadata"
8,Snapchat Stories Data,"Examine Snapchat stories data, including story views, time spent, and user engagement metrics., Snapchat, stories, data, views, time spent, engagement"
9,TikTok Viral Videos,"Study viral videos on TikTok with this dataset. Identify trends, user engagement, and video characteristics., TikTok, viral videos, trends, engagement, video characteristics"
10,Pinterest Image Pins,"Explore image pin data on Pinterest. Includes image URLs, descriptions, and user interactions., Pinterest, image pins, image URLs, descriptions, user interactions"
11,Reddit Community Analytics,"Analyze Reddit community activity and discussions. Includes post data, comment threads, and user demographics., Reddit, community, analytics, posts, comments, demographics"
12,Social Media Ad Spending,"Track ad spending on social media platforms. Includes data on ad budgets, impressions, and ROI., ad spending, social media, budgets, impressions, ROI"
13,Twitter Hashtag Trends,"Monitor popular hashtag trends on Twitter. Analyze frequency, reach, and sentiment., Twitter, hashtags, trends, frequency, reach, sentiment"
14,Instagram Influencer Collaborations,"Explore collaborations between influencers on Instagram. Includes partnership data and engagement metrics., Instagram, influencers, collaborations, partnerships, engagement"
15,Facebook User Activity,"Study user activity on Facebook, including post types, likes, and comments., Facebook, user activity, posts, likes, comments"
16,Social Media User Demographics,"Get insights into the demographics of social media users. Includes age, gender, and location data., user demographics, social media, age, gender, location"
17,LinkedIn Job Postings,"Access data on job postings and employment trends on LinkedIn. Includes job titles, industries, and application data., LinkedIn, job postings, employment trends, job titles, industries, applications"
18,YouTube Content Categories,"Categorize YouTube content by genre and subject matter. Includes video titles and descriptions., YouTube, content categories, genre, subject matter, titles, descriptions"
19,Snapchat Geolocation Data,"Explore geolocation data from Snapchat. Includes location tags and user activity in specific areas., Snapchat, geolocation data, location tags, user activity"
20,TikTok Music Trends,"Analyze music trends on TikTok. Identify popular songs, challenges, and user-generated content., TikTok, music trends, songs, challenges, user-generated content"
21,Crop Yield Analysis 2023,"Analyze crop yield data for the year 2023 with this comprehensive dataset. It includes information on crop types, planting techniques, and weather conditions, making it valuable for agricultural research and planning., agriculture, crop yield, 2023, planting techniques, weather conditions"
22,Soil Quality Assessment,"Assess soil quality and composition with this dataset. It provides data on soil pH, nutrient levels, and texture across various agricultural regions., agriculture, soil quality, soil pH, nutrient levels, texture, agricultural regions"
23,Irrigation Efficiency Metrics,"Evaluate irrigation efficiency on farms using this dataset. It contains data on irrigation methods, water usage, and crop water requirements., agriculture, irrigation efficiency, farms, irrigation methods, water usage, crop water requirements"
24,Pesticide Usage Trends,"Track trends in pesticide usage in agriculture over the past decade. This dataset includes information on pesticide types, application rates, and environmental impact., agriculture, pesticide usage, trends, pesticide types, application rates, environmental impact"
25,Farm Equipment Inventory,"Manage farm equipment inventory with this dataset. It includes details on equipment types, maintenance schedules, and usage logs., agriculture, farm equipment, inventory, equipment types, maintenance schedules, usage logs"
26,Crop Disease Monitoring,"Monitor and analyze crop diseases with this dataset. It provides data on disease outbreaks, affected crops, and recommended treatments., agriculture, crop diseases, monitoring, outbreaks, affected crops, treatments"
27,Livestock Health Records,"Maintain livestock health records with this dataset. It includes information on animal vaccinations, medical treatments, and growth statistics., agriculture, livestock health, records, vaccinations, medical treatments, growth statistics"
28,Agronomy Research Data,"Access research data on agronomy practices and experiments. This dataset covers soil studies, crop rotations, and yield optimization strategies., agriculture, agronomy research, soil studies, crop rotations, yield optimization"
29,Agricultural Weather Patterns,"Study historical weather patterns affecting agriculture. Includes temperature, precipitation, and growing season data for various regions., agriculture, weather patterns, historical data, temperature, precipitation, growing season"
30,Farm Income Analysis,"Analyze farm income data to make financial decisions. This dataset includes revenue, expenses, and profitability metrics for different types of farms., agriculture, farm income, financial analysis, revenue, expenses, profitability"
31,Crop Harvest Records,"Maintain records of crop harvests with this dataset. It covers harvest dates, crop quantities, and storage information., agriculture, crop harvest, records, harvest dates, crop quantities, storage"
32,Agricultural Market Prices,"Track market prices for agricultural products. This dataset includes price trends for crops, livestock, and dairy products., agriculture, market prices, price trends, crops, livestock, dairy products"
33,Organic Farming Practices,"Explore data on organic farming practices. Includes information on organic certifications, crop rotation, and pesticide-free methods., agriculture, organic farming, practices, certifications, crop rotation, pesticide-free"
34,Aquaculture Production Stats,"Analyze statistics on aquaculture production. This dataset covers fish farms, production volumes, and water quality parameters., agriculture, aquaculture, production statistics, fish farms, production volumes, water quality"
35,Precision Farming Sensors,"Access sensor data for precision agriculture. This dataset includes information on soil moisture, temperature, and nutrient levels., agriculture, precision farming, sensors, soil moisture, temperature, nutrient levels"
36,Farm Land Usage Survey,"Conduct a survey of farm land usage with this dataset. It provides insights into land allocation, crop diversity, and land management practices., agriculture, land usage, survey, land allocation, crop diversity, land management"
37,Farmers' Market Locations,"Locate farmers' markets with this dataset. It includes market names, addresses, and operating hours., agriculture, farmers' markets, locations, market names, addresses, operating hours"
38,Agricultural Research Papers,"Access a collection of agricultural research papers for academic study. Includes topics on sustainable farming, biotechnology, and crop genetics., agriculture, research papers, academic study, sustainable farming, biotechnology, crop genetics"
39,Food Security Metrics,"Evaluate food security metrics for different regions. This dataset covers food availability, access, and utilization., agriculture, food security, metrics, regions, food availability, access, utilization"
40,Rural Development Initiatives,"Explore data on rural development projects and initiatives. Includes funding sources, project outcomes, and community impact., agriculture, rural development, initiatives, funding sources, project outcomes, community impact"
41,Student Performance Records,"Analyze student performance data with this comprehensive dataset. It includes information on student demographics, test scores, and attendance records, making it valuable for educational research and policy analysis., education, student performance, demographics, test scores, attendance records, research, policy analysis"
42,Teacher Evaluation Data,"Evaluate teacher performance and classroom outcomes with this dataset. It contains teacher evaluations, student feedback, and academic achievement metrics., education, teacher evaluation, classroom outcomes, evaluations, student feedback, academic achievement"
43,Education Funding Trends,"Track trends in education funding over the past decade. This dataset includes data on budget allocations, grants, and expenditure patterns in educational institutions., education, funding trends, budget allocations, grants, expenditure patterns, educational institutions"
44,Online Learning Resources,"Access a collection of online learning resources for various subjects. This dataset includes links to educational websites, videos, and course materials., education, online learning, resources, subjects, educational websites, videos, course materials"
45,School District Demographics,"Explore demographics data for different school districts. It includes information on student populations, ethnic diversity, and socioeconomic status., education, school districts, demographics, student populations, ethnic diversity, socioeconomic status"
46,Educational Assessment Scores,"Analyze educational assessment scores for standardized tests. This dataset covers test types, score distributions, and performance trends., education, assessment scores, standardized tests, test types, score distributions, performance trends"
47,Educational Technology Usage,"Study the usage of technology in education. This dataset includes information on e-learning platforms, digital resources, and technology adoption in schools., education, technology usage, e-learning platforms, digital resources, technology adoption, schools"
48,Higher Education Enrollment,"Examine enrollment data for higher education institutions. It covers enrollment numbers, majors, and graduation rates., education, higher education, enrollment data, enrollment numbers, majors, graduation rates"
49,Education Policy Documents,"Access policy documents related to education. This dataset includes education laws, regulations, and government reports., education, policy documents, education laws, regulations, government reports"
50,Educational Research Papers,"Access a collection of educational research papers for academic study. Includes topics on pedagogy, curriculum development, and educational psychology., education, research papers, academic study, pedagogy, curriculum development, educational psychology"
51,Special Education Programs,"Explore data on special education programs in schools. It includes information on program types, student accommodations, and effectiveness measures., education, special education, programs, program types, student accommodations, effectiveness measures"
52,Library Resources Inventory,"Manage library resources with this dataset. It includes book titles, authors, publication dates, and availability status., education, library resources, inventory, book titles, authors, publication dates, availability status"
53,Early Childhood Education,"Access data on early childhood education programs and initiatives. Includes preschool enrollment, curriculum details, and program outcomes., education, early childhood education, programs, preschool enrollment, curriculum details, program outcomes"
54,Language Learning Materials,"Discover language learning materials for various languages. This dataset includes language courses, audio resources, and language proficiency assessments., education, language learning, materials, languages, language courses, audio resources, proficiency assessments"
55,Educational Grants Database,"Explore a database of educational grants and scholarships. It includes grant types, eligibility criteria, and application deadlines., education, grants database, educational grants, scholarships, grant types, eligibility criteria, application deadlines"
56,School Safety Incidents,"Analyze school safety incident data. This dataset covers incidents like bullying, vandalism, and disciplinary actions., education, school safety, incidents, bullying, vandalism, disciplinary actions"
57,Digital Learning Platforms,"Evaluate digital learning platforms used in schools. This dataset includes platform features, user reviews, and adoption rates., education, digital learning, platforms, features, user reviews, adoption rates, schools"
58,Teacher Professional Development,"Access data on teacher professional development programs. It includes workshop details, training topics, and participant feedback., education, teacher development, programs, workshop details, training topics, participant feedback"
59,Education Accessibility Metrics,"Evaluate accessibility metrics in education. This dataset covers physical accessibility, online accessibility, and accommodations for students with disabilities., education, accessibility metrics, physical accessibility, online accessibility, accommodations, students with disabilities"
60,Movie Ratings Dataset,"Analyze movie ratings and reviews with this extensive dataset. It includes data on movie titles, user ratings, and reviews, making it a valuable resource for movie recommendation systems and film industry analysis., entertainment, movies, ratings, reviews, recommendation systems, film industry"
61,Music Streaming Trends,"Explore trends in music streaming with this dataset. It covers music genres, artist popularity, and user listening habits, ideal for music industry research and playlist generation., entertainment, music streaming, trends, genres, artist popularity, listening habits, research, playlists"
62,TV Show Episode Data,"Access data on TV show episodes and seasons. This dataset includes episode titles, air dates, and viewer ratings, great for TV show analysis and binge-watching recommendations., entertainment, TV shows, episodes, seasons, air dates, viewer ratings, analysis, binge-watching"
63,Video Game Sales Records,"Analyze video game sales data from different platforms. This dataset covers game titles, sales figures, and release dates, useful for the gaming industry and market analysis., entertainment, video games, sales records, platforms, sales figures, release dates, industry, market analysis"
64,Celebrity Social Media Posts,"Monitor social media posts from celebrities. This dataset includes posts from various platforms, engagement metrics, and celebrity profiles, perfect for celebrity fan analysis., entertainment, celebrities, social media, posts, engagement metrics, fan analysis, profiles"
65,Movie Box Office Revenue,"Track box office revenue for popular movies. This dataset includes revenue figures, release dates, and genres, useful for box office analysis and movie industry trends., entertainment, movies, box office revenue, revenue figures, release dates, genres, analysis, industry trends"
66,Concert Ticket Sales Data,"Examine concert ticket sales records. This dataset covers concert dates, ticket prices, and venue details, ideal for event planning and music industry insights., entertainment, concerts, ticket sales, records, concert dates, ticket prices, venue details, event planning, industry insights"
67,Video Game Player Statistics,"Analyze player statistics in online video games. This dataset includes player IDs, game performance metrics, and in-game achievements., entertainment, video games, player statistics, player IDs, performance metrics, in-game achievements"
68,Movie Soundtrack Scores,"Access scores and soundtracks from movies. This dataset covers composer information, soundtrack titles, and release years, valuable for music enthusiasts and film score analysis., entertainment, movies, soundtracks, scores, composer information, soundtrack titles, release years, music enthusiasts, film score analysis"
69,Reality TV Show Contestants,"Explore data on reality TV show contestants. This dataset includes contestant profiles, show details, and elimination outcomes., entertainment, reality TV, contestants, profiles, show details, elimination outcomes"
70,Streaming Platform Catalog,"Access a catalog of movies and TV shows available on streaming platforms. This dataset includes titles, genres, and streaming platform information., entertainment, streaming platforms, catalog, titles, genres, platform information"
71,Video Game Reviews,"Read and analyze video game reviews. This dataset includes game titles, user reviews, and review scores., entertainment, video games, reviews, game titles, user reviews, review scores"
72,Movie Awards Data,"Track movie awards and nominations. This dataset covers award categories, nominees, and award ceremony details., entertainment, movies, awards data, award categories, nominees, ceremony details"
73,TV Show Script Texts,"Access scripts from popular TV shows. This dataset includes episode scripts, character dialogues, and plot summaries., entertainment, TV shows, scripts, episode scripts, character dialogues, plot summaries"
74,Music Artist Discography,"Explore music artist discographies. This dataset covers albums, singles, and release dates for various artists and bands., entertainment, music artists, discography, albums, singles, release dates, artists, bands"
75,Celebrity News Articles,"Read celebrity news articles and headlines. This dataset includes articles from entertainment news sources and celebrity profiles., entertainment, celebrities, news articles, headlines, news sources, profiles"
76,Video Game Genres Database,"Categorize video games by genre. This dataset includes genre labels and game titles, perfect for gaming enthusiasts and genre analysis., entertainment, video games, genres database, categorization, genre labels, game titles, enthusiasts, analysis"
77,Movie Poster Images,"Access a collection of movie poster images. This dataset includes poster URLs and movie titles., entertainment, movies, poster images, URLs, movie titles"
78,TV Show Viewer Ratings,"Analyze viewer ratings for TV shows. This dataset includes ratings data, show names, and viewer demographics., entertainment, TV shows, viewer ratings, ratings data, show names, viewer demographics"
79,Traffic Accident Data 2023,"Analyze traffic accident data for the year 2023 with this comprehensive dataset. It includes information on accident locations, severity, and contributing factors, valuable for traffic safety research and urban planning., transportation, traffic accidents, data analysis, accident locations, severity, contributing factors, safety research, urban planning"
80,Public Transit Ridership,"Study public transit ridership patterns with this dataset. It covers passenger counts, routes, and service frequency, ideal for public transportation planning and optimization., transportation, public transit, ridership patterns, passenger counts, routes, service frequency, planning, optimization"
81,Vehicle Fuel Efficiency,"Evaluate vehicle fuel efficiency with this dataset. It contains data on fuel consumption, vehicle types, and emissions, useful for environmental impact analysis and automotive research., transportation, fuel efficiency, fuel consumption, vehicle types, emissions, environmental impact analysis, automotive research"
82,Airline Flight Delays,"Analyze airline flight delay data. This dataset includes flight details, departure/arrival times, and delay durations, essential for aviation industry analysis and passenger information., transportation, airline flights, delays, flight details, departure times, arrival times, aviation industry, passenger information"
83,Road Network Infrastructure,"Access data on road network infrastructure. It includes road types, maintenance schedules, and construction projects, vital for infrastructure planning and maintenance., transportation, road network, infrastructure, road types, maintenance schedules, construction projects, planning, maintenance"
84,Shipping Container Tracking,"Track shipping container movements with this dataset. It covers container IDs, shipment routes, and delivery statuses, valuable for logistics and supply chain management., transportation, shipping containers, tracking, container IDs, shipment routes, delivery statuses, logistics, supply chain management"
85,Traffic Camera Feeds,"Access live traffic camera feeds from various locations. This dataset includes camera URLs and geographical coordinates, ideal for real-time traffic monitoring and analysis., transportation, traffic cameras, feeds, URLs, geographical coordinates, monitoring, analysis"
86,Railway Timetables,"Access railway timetables and schedules. This dataset covers train routes, departure/arrival times, and station information, essential for commuter planning and railway system optimization., transportation, railways, timetables, schedules, train routes, departure times, arrival times, station information, commuter planning, optimization"
87,Port Traffic Statistics,"Analyze statistics on port traffic and shipping activities. This dataset includes cargo volumes, vessel types, and port facilities data, valuable for maritime industry insights and port management., transportation, ports, traffic statistics, shipping activities, cargo volumes, vessel types, facilities data, maritime industry, port management"
88,Urban Bike Sharing Data,"Study urban bike sharing programs with this dataset. It covers bike stations, usage patterns, and ride durations, great for city planning and sustainable transportation research., transportation, urban bike sharing, bike stations, usage patterns, ride durations, city planning, sustainable transportation, research"
89,Aviation Safety Reports,"Access aviation safety incident reports. This dataset includes incident details, investigation outcomes, and safety recommendations, crucial for aviation safety research and policy development., transportation, aviation safety, incident reports, incident details, investigation outcomes, safety recommendations, safety research, policy development"
90,Public Transportation Fares,"Examine public transportation fare data. This dataset covers fare types, pricing structures, and fare collection methods, important for fare policy analysis and public transportation budgeting., transportation, public transportation, fares, fare data, fare types, pricing structures, fare collection methods, policy analysis, budgeting"
91,Car Rental Records,"Manage car rental records with this dataset. It includes rental dates, vehicle models, and rental locations, suitable for rental business analysis and inventory tracking., transportation, car rentals, records, rental dates, vehicle models, rental locations, business analysis, inventory tracking"
92,Air Quality Monitoring,"Monitor air quality near transportation hubs. This dataset includes air quality indexes, pollutant concentrations, and monitoring station locations, crucial for environmental impact assessments and public health studies., transportation, air quality, monitoring, air quality indexes, pollutant concentrations, monitoring stations, environmental impact assessments, public health studies"
93,Traffic Signal Timing,"Access data on traffic signal timings. This dataset covers signal cycles, intersection types, and synchronization plans, important for traffic flow optimization and congestion management., transportation, traffic signals, timing, signal cycles, intersection types, synchronization plans, traffic flow optimization, congestion management"
94,Maritime Weather Data,"Access maritime weather data for shipping routes. This dataset includes weather conditions, sea states, and route forecasts, valuable for maritime navigation and safety., transportation, maritime weather, weather data, shipping routes, weather conditions, sea states, route forecasts, maritime navigation, safety"
95,Electric Vehicle Charging Stations,"Locate electric vehicle charging stations. This dataset includes station names, addresses, and charging rates, ideal for electric vehicle users and infrastructure planning., transportation, electric vehicles, charging stations, station names, addresses, charging rates, users, infrastructure planning"
96,Airport Facilities Inventory,"Manage airport facilities with this dataset. It includes information on terminals, runways, and amenities, essential for airport management and expansion planning., transportation, airports, facilities inventory, terminals, runways, amenities, airport management, expansion planning"
97,High-Speed Train Schedules,"Access high-speed train schedules and routes. This dataset covers departure/arrival times, ticket prices, and station details, valuable for high-speed rail travelers and transportation planning., transportation, high-speed trains, schedules, routes, departure times, arrival times, ticket prices, station details, travelers, planning"
98,Banana Leaf Anatomy,"Explore the anatomy of banana leaves with this dataset. It includes detailed images and information about leaf structure, veins, and adaptations, perfect for botanical research and educational purposes., leaves, banana leaf, anatomy, structure, veins, adaptations, botanical research, education"
99,Corn Leaf Disease Detection,"Detect diseases in corn leaves using this dataset. It contains images of healthy and diseased corn leaves, making it a valuable resource for agricultural disease diagnosis and crop protection., leaves, corn leaf, disease detection, images, healthy leaves, diseased leaves, agricultural diagnosis, crop protection"
100,Palm Leaf Patterns,"Study the patterns and textures of palm leaves with this dataset. It includes high-resolution images showcasing the intricate designs found in palm leaves, suitable for art and design inspiration., leaves, palm leaf, patterns, textures, images, intricate designs, art, design inspiration"
101,Maple Leaf Classification,"Classify different species of maple leaves using this dataset. It includes leaf images from various maple tree species, facilitating species identification and ecological studies., leaves, maple leaf, classification, species, leaf images, species identification, ecological studies"
102,Autumn Leaves Photography,"Enjoy a collection of autumn leaves photography. This dataset features vibrant images of colorful autumn leaves, perfect for seasonal aesthetics and photography enthusiasts., leaves, autumn leaves, photography, images, colorful leaves, seasonal aesthetics, photography enthusiasts"
103,Oak Leaf Morphology,"Explore the morphology of oak tree leaves with this dataset. It provides detailed information on oak leaf shapes, sizes, and surface features, valuable for botanical research and tree identification., leaves, oak leaf, morphology, shapes, sizes, surface features, botanical research, tree identification"
104,Tropical Rainforest Leaves,"Discover leaves from tropical rainforest plants. This dataset showcases diverse leaf shapes and colors found in the rainforest, ideal for ecological studies and biodiversity research., leaves, rainforest, tropical, leaves, shapes, colors, ecological studies, biodiversity research"
105,Tea Leaf Quality Assessment,"Assess the quality of tea leaves with this dataset. It includes images and grading information for tea leaves, useful for tea industry quality control and tea enthusiasts., leaves, tea leaf, quality assessment, images, grading information, industry quality control, tea enthusiasts"
106,Eucalyptus Leaf Oils,"Explore essential oils extracted from eucalyptus leaves. This dataset contains chemical composition data and extraction methods for eucalyptus leaf oils, valuable for aromatherapy and natural medicine research., leaves, eucalyptus leaf, oils, essential oils, chemical composition, extraction methods, aromatherapy, natural medicine research"
107,Herbarium Leaf Specimens,"Access a collection of preserved herbarium leaf specimens. This dataset includes images and metadata for various plant species, aiding in plant taxonomy and botanical studies., leaves, herbarium, specimens, preserved leaves, images, metadata, plant taxonomy, botanical studies"
108,Fern Leaf Varieties,"Discover different varieties of fern leaves with this dataset. It features images and descriptions of fern species, useful for fern enthusiasts and botanists., leaves, fern leaf, varieties, images, descriptions, fern species, enthusiasts, botanists"
109,Cactus Leaf Adaptations,"Explore the adaptations of cactus leaves to arid environments. This dataset provides information on cactus leaf morphology and water storage strategies, valuable for desert ecology research., leaves, cactus leaf, adaptations, arid environments, morphology, water storage strategies, desert ecology research"
110,Ginkgo Leaf Fossils,"Examine fossilized ginkgo leaves with this dataset. It includes images and geological information about ancient ginkgo leaf specimens, aiding in paleobotanical research and evolutionary studies., leaves, ginkgo leaf, fossils, images, geological information, ancient specimens, paleobotanical research, evolutionary studies"
111,Lotus Leaf Hydrophobicity,"Investigate the hydrophobic properties of lotus leaves with this dataset. It includes data on water-repellent features and microstructures found on lotus leaf surfaces, valuable for biomimicry and materials science., leaves, lotus leaf, hydrophobicity, water-repellent, microstructures, biomimicry, materials science"
112,Bamboo Leaf Diversity,"Explore the diversity of bamboo leaves with this dataset. It features images and taxonomic information about various bamboo species, aiding in bamboo identification and ecological research., leaves, bamboo leaf, diversity, images, taxonomic information, bamboo species, identification, ecological research"
113,Cherry Blossom Leaves,"Admire cherry blossom leaves in different stages of bloom. This dataset showcases the beauty of cherry blossom leaves during the spring season, perfect for floral enthusiasts and cultural studies., leaves, cherry blossom, leaves, bloom, images, spring season, floral enthusiasts, cultural studies"
114,Rose Leaf Anatomy,"Analyze the anatomy of rose leaves with this dataset. It provides detailed images and information about leaf structure, pigments, and adaptations, ideal for horticultural research and gardening enthusiasts., leaves, rose leaf, anatomy, structure, pigments, adaptations, horticultural research, gardening enthusiasts"
115,Pine Needle Chemistry,"Explore the chemistry of pine needles with this dataset. It includes chemical composition data and medicinal properties of pine needles, valuable for herbal medicine research and forest ecology., leaves, pine needle, chemistry, chemical composition, medicinal properties, herbal medicine research, forest ecology"
116,Urban Tree Leaf Canopies,"Study urban tree leaf canopies with this dataset. It includes aerial images of tree canopies in urban areas, useful for urban planning and green infrastructure development., leaves, urban trees, leaf canopies, aerial images, urban planning, green infrastructure development"
117,Plant Growth Experiments,"Study plant growth experiments and data. This dataset includes growth measurements, environmental conditions, and plant types, ideal for botany research and agricultural studies."",""plant growth, experiments, data, measurements, environmental conditions, plant types, botany research, agricultural studies"
118,Language Translation Datasets,"Explore language translation datasets. This dataset includes text translations, language pairs, and translation accuracy metrics, suitable for machine translation research and language learning."",""language translation, datasets, text translations, language pairs, accuracy metrics, machine translation, research, language learning"
119,Climate Change Projections,"Explore climate change projections and their impact on the environment. This dataset includes temperature data, carbon emissions, and climate models, valuable for climate research and policy development."",""climate change, projections, environment, temperature data, carbon emissions, climate models, research, policy development"
120,Food Recipes Collection,"Discover a collection of food recipes from various cuisines. This dataset covers recipes, ingredients, and preparation instructions, perfect for culinary enthusiasts and meal planning."",""food recipes, collection, cuisines, ingredients, preparation instructions, culinary enthusiasts, meal planning"
